Pos,No,Driver,Car,Laps,Time/retired,Pts,Race
1,4, Norris,McLaren Mercedes,57,42:06.3,25,Au
2,1, Verstappen,Red Bull Racing Honda RBPT,57,+0.895s,18,Au
3,63, Russell,Mercedes,57,+8.481s,15,Au
4,12, Antonelli,Mercedes,57,+10.135s,12,Au
5,23, Albon,Williams Mercedes,57,+12.773s,10,Au
6,18, Stroll,Aston Martin Aramco Mercedes,57,+17.413s,8,Au
7,27, Hulkenberg,Kick Sauber Ferrari,57,+18.423s,6,Au
8,16, Leclerc,Ferrari,57,+19.826s,4,Au
9,81, Piastri,McLaren Mercedes,57,+20.448s,2,Au
10,44, Hamilton,Ferrari,57,+22.473s,1,Au
11,10, Gasly,Alpine Renault,57,+26.502s,0,Au
12,22, Tsunoda,Racing Bulls Honda RBPT,57,+29.884s,0,Au
13,31, Ocon,Haas Ferrari,57,+33.161s,0,Au
14,87, Bearman,Haas Ferrari,57,+40.351s,0,Au
NC,30, Lawson,Red Bull Racing Honda RBPT,46,DNF,0,Au
NC,5, Bortoleto,Kick Sauber Ferrari,45,DNF,0,Au
NC,14, Alonso,Aston Martin Aramco Mercedes,32,DNF,0,Au
NC,55, Sainz,Williams Mercedes,0,DNF,0,Au
NC,7, Doohan,Alpine Renault,0,DNF,0,Au
NC,6, Hadjar,Racing Bulls Honda RBPT,0,DNS,0,Au
1,81, Piastri,McLaren Mercedes,56,30:55.0,25,China
2,4, Norris,McLaren Mercedes,56,+9.748s,18,China
3,63, Russell,Mercedes,56,+11.097s,15,China
4,1, Verstappen,Red Bull Racing Honda RBPT,56,+16.656s,12,China
5,31, Ocon,Haas Ferrari,56,+49.969s,10,China
6,12, Antonelli,Mercedes,56,+53.748s,8,China
7,23, Albon,Williams Mercedes,56,+56.321s,6,China
8,87, Bearman,Haas Ferrari,56,+61.303s,4,China
9,18, Stroll,Aston Martin Aramco Mercedes,56,+70.204s,2,China
10,55, Sainz,Williams Mercedes,56,+76.387s,1,China
11,6, Hadjar,Racing Bulls Honda RBPT,56,+78.875s,0,China
12,30, Lawson,Red Bull Racing Honda RBPT,56,+81.147s,0,China
13,7, Doohan,Alpine Renault,56,+88.401s,0,China
14,5, Bortoleto,Kick Sauber Ferrari,55,+1 lap,0,China
15,27, Hulkenberg,Kick Sauber Ferrari,55,+1 lap,0,China
16,22, Tsunoda,Racing Bulls Honda RBPT,55,+1 lap,0,China
NC,14, Alonso,Aston Martin Aramco Mercedes,4,DNF,0,China
DQ,16, Leclerc,Ferrari,,DSQ,0,China
DQ,44, Hamilton,Ferrari,,DSQ,0,China
DQ,10, Gasly,Alpine Renault,,DSQ,0,China
1,1, Verstappen,Red Bull Racing Honda RBPT,53,22:07.0,25,Japan
2,4, Norris,McLaren Mercedes,53,+1.423s,18,Japan
3,81, Piastri,McLaren Mercedes,53,+2.129s,15,Japan
4,16, Leclerc,Ferrari,53,+16.097s,12,Japan
5,63, Russell,Mercedes,53,+17.362s,10,Japan
6,12, Antonelli,Mercedes,53,+18.671s,8,Japan
7,44, Hamilton,Ferrari,53,+29.182s,6,Japan
8,6, Hadjar,Racing Bulls Honda RBPT,53,+37.134s,4,Japan
9,23, Albon,Williams Mercedes,53,+40.367s,2,Japan
10,87, Bearman,Haas Ferrari,53,+54.529s,1,Japan
11,14, Alonso,Aston Martin Aramco Mercedes,53,+57.333s,0,Japan
12,22, Tsunoda,Red Bull Racing Honda RBPT,53,+58.401s,0,Japan
13,10, Gasly,Alpine Renault,53,+62.122s,0,Japan
14,55, Sainz,Williams Mercedes,53,+74.129s,0,Japan
15,7, Doohan,Alpine Renault,53,+81.314s,0,Japan
16,27, Hulkenberg,Kick Sauber Ferrari,53,+81.957s,0,Japan
17,30, Lawson,Racing Bulls Honda RBPT,53,+82.734s,0,Japan
18,31, Ocon,Haas Ferrari,53,+83.438s,0,Japan
19,5, Bortoleto,Kick Sauber Ferrari,53,+83.897s,0,Japan
20,18, Stroll,Aston Martin Aramco Mercedes,52,+1 lap,0,Japan
1,81, Piastri,McLaren Mercedes,57,35:39.4,25,Bahrain
2,63, Russell,Mercedes,57,+15.499s,18,Bahrain
3,4, Norris,McLaren Mercedes,57,+16.273s,15,Bahrain
4,16, Leclerc,Ferrari,57,+19.679s,12,Bahrain
5,44, Hamilton,Ferrari,57,+27.993s,10,Bahrain
6,1, Verstappen,Red Bull Racing Honda RBPT,57,+34.395s,8,Bahrain
7,10, Gasly,Alpine Renault,57,+36.002s,6,Bahrain
8,31, Ocon,Haas Ferrari,57,+44.244s,4,Bahrain
9,22, Tsunoda,Red Bull Racing Honda RBPT,57,+45.061s,2,Bahrain
10,87, Bearman,Haas Ferrari,57,+47.594s,1,Bahrain
11,12, Antonelli,Mercedes,57,+48.016s,0,Bahrain
12,23, Albon,Williams Mercedes,57,+48.839s,0,Bahrain
13,6, Hadjar,Racing Bulls Honda RBPT,57,+56.314s,0,Bahrain
14,7, Doohan,Alpine Renault,57,+57.806s,0,Bahrain
15,14, Alonso,Aston Martin Aramco Mercedes,57,+60.340s,0,Bahrain
16,30, Lawson,Racing Bulls Honda RBPT,57,+64.435s,0,Bahrain
17,18, Stroll,Aston Martin Aramco Mercedes,57,+65.489s,0,Bahrain
18,5, Bortoleto,Kick Sauber Ferrari,57,+66.872s,0,Bahrain
NC,55, Sainz,Williams Mercedes,45,DNF,0,Bahrain
DQ,27, Hulkenberg,Kick Sauber Ferrari,,DSQ,0,Bahrain
1,81, Piastri,McLaren Mercedes,50,21:06.8,25,Saudi
2,1, Verstappen,Red Bull Racing Honda RBPT,50,+2.843s,18,Saudi
3,16, Leclerc,Ferrari,50,+8.104s,15,Saudi
4,4, Norris,McLaren Mercedes,50,+9.196s,12,Saudi
5,63, Russell,Mercedes,50,+27.236s,10,Saudi
6,12, Antonelli,Mercedes,50,+34.688s,8,Saudi
7,44, Hamilton,Ferrari,50,+39.073s,6,Saudi
8,55, Sainz,Williams Mercedes,50,+64.630s,4,Saudi
9,23, Albon,Williams Mercedes,50,+66.515s,2,Saudi
10,6, Hadjar,Racing Bulls Honda RBPT,50,+67.091s,1,Saudi
11,14, Alonso,Aston Martin Aramco Mercedes,50,+75.917s,0,Saudi
12,30, Lawson,Racing Bulls Honda RBPT,50,+78.451s,0,Saudi
13,87, Bearman,Haas Ferrari,50,+79.194s,0,Saudi
14,31, Ocon,Haas Ferrari,50,+99.723s,0,Saudi
15,27, Hulkenberg,Kick Sauber Ferrari,49,+1 lap,0,Saudi
16,18, Stroll,Aston Martin Aramco Mercedes,49,+1 lap,0,Saudi
17,7, Doohan,Alpine Renault,49,+1 lap,0,Saudi
18,5, Bortoleto,Kick Sauber Ferrari,49,+1 lap,0,Saudi
NC,22, Tsunoda,Red Bull Racing Honda RBPT,1,DNF,0,Saudi
NC,10, Gasly,Alpine Renault,0,DNF,0,Saudi
1,81, Piastri,McLaren Mercedes,57,28:51.6,25,Miami
2,4, Norris,McLaren Mercedes,57,+4.630s,18,Miami
3,63, Russell,Mercedes,57,+37.644s,15,Miami
4,1, Verstappen,Red Bull Racing Honda RBPT,57,+39.956s,12,Miami
5,23, Albon,Williams Mercedes,57,+48.067s,10,Miami
6,12, Antonelli,Mercedes,57,+55.502s,8,Miami
7,16, Leclerc,Ferrari,57,+57.036s,6,Miami
8,44, Hamilton,Ferrari,57,+60.186s,4,Miami
9,55, Sainz,Williams Mercedes,57,+60.577s,2,Miami
10,22, Tsunoda,Red Bull Racing Honda RBPT,57,+74.434s,1,Miami
11,6, Hadjar,Racing Bulls Honda RBPT,57,+74.602s,0,Miami
12,31, Ocon,Haas Ferrari,57,+82.006s,0,Miami
13,10, Gasly,Alpine Renault,57,+90.445s,0,Miami
14,27, Hulkenberg,Kick Sauber Ferrari,56,+1 lap,0,Miami
15,14, Alonso,Aston Martin Aramco Mercedes,56,+1 lap,0,Miami
16,18, Stroll,Aston Martin Aramco Mercedes,56,+1 lap,0,Miami
NC,30, Lawson,Racing Bulls Honda RBPT,36,DNF,0,Miami
NC,5, Bortoleto,Kick Sauber Ferrari,30,DNF,0,Miami
NC,87, Bearman,Haas Ferrari,27,DNF,0,Miami
NC,7, Doohan,Alpine Renault,0,DNF,0,Miami
1,1,Max Verstappen,Red Bull Racing Honda RBPT,63,31:33.2,25,Emilia
2,4,Lando Norris,McLaren Mercedes,63,+6.109s,18,Emilia
3,81,Oscar Piastri,McLaren Mercedes,63,+12.956s,15,Emilia
4,44,Lewis Hamilton,Ferrari,63,+14.356s,12,Emilia
5,23,Alexander Albon,Williams Mercedes,63,+17.945s,10,Emilia
6,16,Charles Leclerc,Ferrari,63,+20.774s,8,Emilia
7,63,George Russell,Mercedes,63,+22.034s,6,Emilia
8,55,Carlos Sainz,Williams Mercedes,63,+22.898s,4,Emilia
9,6,Isack Hadjar,Racing Bulls Honda RBPT,63,+23.586s,2,Emilia
10,22,Yuki Tsunoda,Red Bull Racing Honda RBPT,63,+26.446s,1,Emilia
11,14,Fernando Alonso,Aston Martin Aramco Mercedes,63,+27.250s,0,Emilia
12,27,Nico Hulkenberg,Kick Sauber Ferrari,63,+30.296s,0,Emilia
13,10,Pierre Gasly,Alpine Renault,63,+31.424s,0,Emilia
14,30,Liam Lawson,Racing Bulls Honda RBPT,63,+32.511s,0,Emilia
15,18,Lance Stroll,Aston Martin Aramco Mercedes,63,+32.993s,0,Emilia
16,43,Franco Colapinto,Alpine Renault,63,+33.411s,0,Emilia
17,87,Oliver Bearman,Haas Ferrari,63,+33.808s,0,Emilia
18,5,Gabriel Bortoleto,Kick Sauber Ferrari,63,+38.572s,0,Emilia
NC,12,Kimi Antonelli,Mercedes,44,DNF,0,Emilia
NC,31,Esteban Ocon,Haas Ferrari,27,DNF,0,Emilia
